<keymap version="1" name="WindowsMyCustom" parent="$default">
  <action id="$Copy">
    <keyboard-shortcut first-keystroke="ctrl c" />
  </action>
  <action id="$Paste">
    <keyboard-shortcut first-keystroke="ctrl v" />
  </action>
  <action id="$Undo">
    <keyboard-shortcut first-keystroke="ctrl z" />
  </action>
  <action id="Android.SyncProject" />
  <action id="Arrangement.Alias.Rule.Match.Condition.Move.Down" />
  <action id="Arrangement.Rule.Group.Condition.Move.Down" />
  <action id="Arrangement.Rule.Group.Condition.Move.Up" />
  <action id="Arrangement.Rule.Match.Condition.Move.Down" />
  <action id="Arrangement.Rule.Match.Condition.Move.Up" />
  <action id="Back">
    <keyboard-shortcut first-keystroke="ctrl alt left" />
  </action>
  <action id="CIDR.Debugger.CopyAddress" />
  <action id="ChangesView.ToggleCommitUi" />
  <action id="CheckinProject" />
  <action id="CompareTwoFiles" />
  <action id="CopyAbsolutePath" />
  <action id="CopyPaths" />
  <action id="CopyReference" />
  <action id="Diff.NextChange" />
  <action id="Diff.PrevChange" />
  <action id="Diff.ShowDiff" />
  <action id="Editor Copy">
    <keyboard-shortcut first-keystroke="ctrl c" />
  </action>
  <action id="Editor Paste">
    <keyboard-shortcut first-keystroke="ctrl v" />
  </action>
  <action id="EditorAddCaretPerSelectedLine" />
  <action id="EditorCloneCaretAbove">
    <keyboard-shortcut first-keystroke="shift ctrl alt c" />
  </action>
  <action id="EditorCloneCaretBelow">
    <keyboard-shortcut first-keystroke="shift alt c" />
  </action>
  <action id="EditorCodeBlockEnd">
    <keyboard-shortcut first-keystroke="ctrl close_bracket" />
    <keyboard-shortcut first-keystroke="ctrl alt close_bracket" />
  </action>
  <action id="EditorCodeBlockEndWithSelection" />
  <action id="EditorCodeBlockStart">
    <keyboard-shortcut first-keystroke="ctrl open_bracket" />
    <keyboard-shortcut first-keystroke="ctrl alt open_bracket" />
  </action>
  <action id="EditorCodeBlockStartWithSelection" />
  <action id="EditorCutLineEnd">
    <keyboard-shortcut first-keystroke="ctrl k" />
  </action>
  <action id="EditorDeleteLine">
    <keyboard-shortcut first-keystroke="ctrl back_space" />
  </action>
  <action id="EditorDeleteToWordStart">
    <keyboard-shortcut first-keystroke="alt back_space" />
  </action>
  <action id="EditorLineEnd">
    <keyboard-shortcut first-keystroke="end" />
    <keyboard-shortcut first-keystroke="ctrl right" />
  </action>
  <action id="EditorLineStart">
    <keyboard-shortcut first-keystroke="home" />
    <keyboard-shortcut first-keystroke="ctrl left" />
  </action>
  <action id="EditorNextWord">
    <keyboard-shortcut first-keystroke="alt right" />
  </action>
  <action id="EditorNextWordWithSelection">
    <keyboard-shortcut first-keystroke="shift alt right" />
  </action>
  <action id="EditorPreviousWord">
    <keyboard-shortcut first-keystroke="alt left" />
  </action>
  <action id="EditorPreviousWordWithSelection">
    <keyboard-shortcut first-keystroke="shift alt left" />
  </action>
  <action id="EditorSelectWord">
    <keyboard-shortcut first-keystroke="alt up" />
  </action>
  <action id="EditorUnSelectWord">
    <keyboard-shortcut first-keystroke="alt down" />
  </action>
  <action id="ExternalSystem.ProjectRefreshAction" />
  <action id="FileChooser.GotoDesktop" />
  <action id="FindNext">
    <keyboard-shortcut first-keystroke="ctrl l" />
  </action>
  <action id="FindPrevious">
    <keyboard-shortcut first-keystroke="shift ctrl l" />
  </action>
  <action id="FindUsages">
    <keyboard-shortcut first-keystroke="alt f7" />
    <keyboard-shortcut first-keystroke="ctrl f7" />
  </action>
  <action id="FindUsagesInFile" />
  <action id="Forward">
    <keyboard-shortcut first-keystroke="ctrl alt right" />
  </action>
  <action id="Git.Commit.Stage" />
  <action id="GotoClass">
    <keyboard-shortcut first-keystroke="ctrl n" />
    <keyboard-shortcut first-keystroke="shift ctrl c" />
  </action>
  <action id="GotoLine" />
  <action id="InsertLiveTemplate" />
  <action id="MethodDown" />
  <action id="MethodUp" />
  <action id="NextEditorTab" />
  <action id="NextProjectWindow" />
  <action id="NextTab" />
  <action id="PreviousEditorTab" />
  <action id="PreviousProjectWindow" />
  <action id="PreviousTab" />
  <action id="QuickJavaDoc">
    <keyboard-shortcut first-keystroke="ctrl j" />
  </action>
  <action id="RecentChanges" />
  <action id="Refactorings.QuickListPopupAction">
    <keyboard-shortcut first-keystroke="ctrl t" />
  </action>
  <action id="SelectAllOccurrences">
    <keyboard-shortcut first-keystroke="shift alt g" />
  </action>
  <action id="SelectNextOccurrence">
    <keyboard-shortcut first-keystroke="ctrl g" />
  </action>
  <action id="SendEOF" />
  <action id="ShowBookmarks">
    <keyboard-shortcut first-keystroke="shift f3" />
  </action>
  <action id="ShowContent" />
  <action id="ShowSearchHistory" />
  <action id="ShowSettings">
    <keyboard-shortcut first-keystroke="ctrl alt comma" />
  </action>
  <action id="Terminal.CopySelectedText">
    <keyboard-shortcut first-keystroke="ctrl insert" />
  </action>
  <action id="Terminal.Paste">
    <keyboard-shortcut first-keystroke="shift insert" />
  </action>
  <action id="ToggleBookmark">
    <keyboard-shortcut first-keystroke="f3" />
  </action>
  <action id="UnselectPreviousOccurrence">
    <keyboard-shortcut first-keystroke="shift ctrl g" />
  </action>
  <action id="UpdateRunningApplication" />
  <action id="UsageView.ShowRecentFindUsages" />
  <action id="Vcs.UpdateProject" />
  <action id="WelcomeScreen.CopyProjectPath" />
  <action id="android.deploy.ApplyChanges">
    <keyboard-shortcut first-keystroke="ctrl f10" />
  </action>
  <action id="android.deploy.CodeSwap">
    <keyboard-shortcut first-keystroke="ctrl alt f10" />
  </action>
  <action id="context.load" />
  <action id="hg4idea.QGotoFromPatches" />
  <action id="org.intellij.plugins.markdown.ui.actions.styling.ToggleCodeSpanAction" />
</keymap>