<keymap version="1" name="WindowsMyCustom" parent="$default">
  <action id="$Copy">
    <keyboard-shortcut first-keystroke="ctrl c" />
  </action>
  <action id="$Paste">
    <keyboard-shortcut first-keystroke="ctrl v" />
  </action>
  <action id="$Undo">
    <keyboard-shortcut first-keystroke="ctrl z" />
  </action>
  <action id="Android.SyncProject" />
  <action id="Arrangement.Alias.Rule.Match.Condition.Move.Down" />
  <action id="Arrangement.Rule.Group.Condition.Move.Down" />
  <action id="Arrangement.Rule.Group.Condition.Move.Up" />
  <action id="Arrangement.Rule.Match.Condition.Move.Down" />
  <action id="Arrangement.Rule.Match.Condition.Move.Up" />
  <action id="Back">
    <keyboard-shortcut first-keystroke="ctrl alt left" />
    <keyboard-shortcut first-keystroke="shift ctrl alt comma" />
  </action>
  <action id="CIDR.Debugger.CopyAddress" />
  <action id="ChangesView.ToggleCommitUi" />
  <action id="CheckinProject" />
  <action id="CommentByBlockComment">
    <keyboard-shortcut first-keystroke="shift alt slash" />
  </action>
  <action id="CommentByLineComment">
    <keyboard-shortcut first-keystroke="alt slash" />
  </action>
  <action id="CompareTwoFiles" />
  <action id="CopyAbsolutePath" />
  <action id="CopyPaths" />
  <action id="CopyReference" />
  <action id="Diff.NextChange" />
  <action id="Diff.PrevChange" />
  <action id="Diff.ShowDiff" />
  <action id="Editor Copy">
    <keyboard-shortcut first-keystroke="ctrl c" />
  </action>
  <action id="Editor Paste">
    <keyboard-shortcut first-keystroke="ctrl v" />
  </action>
  <action id="EditorAddCaretPerSelectedLine" />
  <action id="EditorBackwardParagraph">
    <keyboard-shortcut first-keystroke="shift ctrl p" />
  </action>
  <action id="EditorCloneCaretAbove">
    <keyboard-shortcut first-keystroke="shift ctrl alt c" />
  </action>
  <action id="EditorCloneCaretBelow">
    <keyboard-shortcut first-keystroke="shift alt c" />
  </action>
  <action id="EditorCodeBlockEnd">
    <keyboard-shortcut first-keystroke="ctrl close_bracket" />
    <keyboard-shortcut first-keystroke="ctrl alt close_bracket" />
  </action>
  <action id="EditorCodeBlockEndWithSelection" />
  <action id="EditorCodeBlockStart">
    <keyboard-shortcut first-keystroke="ctrl open_bracket" />
    <keyboard-shortcut first-keystroke="ctrl alt open_bracket" />
  </action>
  <action id="EditorCodeBlockStartWithSelection" />
  <action id="EditorContextInfo" />
  <action id="EditorCreateRectangularSelectionOnMouseDrag">
    <mouse-shortcut keystroke="button2" />
  </action>
  <action id="EditorCutLineEnd">
    <keyboard-shortcut first-keystroke="ctrl k" />
  </action>
  <action id="EditorDecreaseFontSizeGlobal" />
  <action id="EditorDeleteLine">
    <keyboard-shortcut first-keystroke="ctrl back_space" />
  </action>
  <action id="EditorDeleteToWordStart">
    <keyboard-shortcut first-keystroke="alt back_space" />
  </action>
  <action id="EditorDown">
    <keyboard-shortcut first-keystroke="down" />
    <keyboard-shortcut first-keystroke="alt l" />
  </action>
  <action id="EditorForwardParagraph">
    <keyboard-shortcut first-keystroke="shift ctrl l" />
  </action>
  <action id="EditorIncreaseFontSizeGlobal" />
  <action id="EditorLeft">
    <keyboard-shortcut first-keystroke="left" />
    <keyboard-shortcut first-keystroke="alt comma" />
  </action>
  <action id="EditorLeftWithSelection">
    <keyboard-shortcut first-keystroke="shift left" />
    <keyboard-shortcut first-keystroke="shift alt comma" />
  </action>
  <action id="EditorLineEnd">
    <keyboard-shortcut first-keystroke="end" />
    <keyboard-shortcut first-keystroke="ctrl e" />
    <keyboard-shortcut first-keystroke="alt quote" />
  </action>
  <action id="EditorLineEndWithSelection">
    <keyboard-shortcut first-keystroke="shift ctrl e" />
    <keyboard-shortcut first-keystroke="shift end" />
    <keyboard-shortcut first-keystroke="shift alt quote" />
  </action>
  <action id="EditorLineStart">
    <keyboard-shortcut first-keystroke="home" />
    <keyboard-shortcut first-keystroke="ctrl w" />
    <keyboard-shortcut first-keystroke="alt semicolon" />
  </action>
  <action id="EditorLineStartWithSelection">
    <keyboard-shortcut first-keystroke="shift ctrl w" />
    <keyboard-shortcut first-keystroke="shift alt semicolon" />
  </action>
  <action id="EditorLookupUp" />
  <action id="EditorNextWord">
    <keyboard-shortcut first-keystroke="alt close_bracket" />
  </action>
  <action id="EditorNextWordWithSelection">
    <keyboard-shortcut first-keystroke="shift alt close_bracket" />
  </action>
  <action id="EditorPreviousWord">
    <keyboard-shortcut first-keystroke="alt open_bracket" />
  </action>
  <action id="EditorPreviousWordWithSelection">
    <keyboard-shortcut first-keystroke="shift alt open_bracket" />
  </action>
  <action id="EditorRight">
    <keyboard-shortcut first-keystroke="right" />
    <keyboard-shortcut first-keystroke="alt period" />
  </action>
  <action id="EditorRightWithSelection">
    <keyboard-shortcut first-keystroke="shift right" />
    <keyboard-shortcut first-keystroke="shift alt period" />
  </action>
  <action id="EditorScrollUp" />
  <action id="EditorSelectWord">
    <keyboard-shortcut first-keystroke="alt up" />
    <keyboard-shortcut first-keystroke="alt equals" />
  </action>
  <action id="EditorUnSelectWord">
    <keyboard-shortcut first-keystroke="alt down" />
    <keyboard-shortcut first-keystroke="alt minus" />
  </action>
  <action id="EditorUp">
    <keyboard-shortcut first-keystroke="up" />
    <keyboard-shortcut first-keystroke="alt p" />
  </action>
  <action id="EmmetNextEditPoint" />
  <action id="EmmetPreviousEditPoint" />
  <action id="ExpressionTypeInfo" />
  <action id="ExternalSystem.ProjectRefreshAction" />
  <action id="FileChooser.GotoDesktop" />
  <action id="FindNext">
    <keyboard-shortcut first-keystroke="ctrl l" />
  </action>
  <action id="FindPrevious" />
  <action id="FindUsages">
    <keyboard-shortcut first-keystroke="alt f7" />
    <keyboard-shortcut first-keystroke="ctrl f7" />
  </action>
  <action id="FindUsagesInFile" />
  <action id="Forward">
    <keyboard-shortcut first-keystroke="ctrl alt right" />
    <keyboard-shortcut first-keystroke="shift ctrl alt period" />
  </action>
  <action id="Git.Commit.Stage" />
  <action id="Git.New.Branch.In.Log" />
  <action id="GitNewBranchAction" />
  <action id="GoToLinkTarget">
    <mouse-shortcut keystroke="alt button1" />
  </action>
  <action id="GotoClass">
    <keyboard-shortcut first-keystroke="ctrl n" />
    <keyboard-shortcut first-keystroke="shift ctrl c" />
  </action>
  <action id="GotoDeclaration">
    <keyboard-shortcut first-keystroke="alt b" />
    <mouse-shortcut keystroke="alt button1" />
  </action>
  <action id="GotoImplementation">
    <keyboard-shortcut first-keystroke="shift alt b" />
  </action>
  <action id="GotoLine" />
  <action id="GotoTypeDeclaration" />
  <action id="HippieBackwardCompletion" />
  <action id="HippieCompletion" />
  <action id="Inline" />
  <action id="InsertLiveTemplate" />
  <action id="MethodDown" />
  <action id="MethodOverloadSwitchUp" />
  <action id="MethodUp" />
  <action id="MoveLineDown">
    <keyboard-shortcut first-keystroke="shift alt down" />
    <keyboard-shortcut first-keystroke="shift alt l" />
  </action>
  <action id="MoveLineUp">
    <keyboard-shortcut first-keystroke="shift alt up" />
    <keyboard-shortcut first-keystroke="shift alt p" />
  </action>
  <action id="NewElementSamePlace">
    <keyboard-shortcut first-keystroke="ctrl alt n" />
  </action>
  <action id="NextEditorTab" />
  <action id="NextProjectWindow" />
  <action id="NextTab" />
  <action id="PreviousEditorTab" />
  <action id="PreviousProjectWindow" />
  <action id="PreviousTab" />
  <action id="QuickEvaluateExpression">
    <keyboard-shortcut first-keystroke="ctrl alt f8" />
  </action>
  <action id="QuickImplementations">
    <keyboard-shortcut first-keystroke="shift ctrl i" />
    <keyboard-shortcut first-keystroke="alt d" />
  </action>
  <action id="QuickJavaDoc">
    <keyboard-shortcut first-keystroke="alt q" />
  </action>
  <action id="RecentChanges" />
  <action id="RecentFiles">
    <keyboard-shortcut first-keystroke="alt i" />
  </action>
  <action id="RecentLocations" />
  <action id="Refactorings.QuickListPopupAction">
    <keyboard-shortcut first-keystroke="ctrl t" />
  </action>
  <action id="RunClass">
    <keyboard-shortcut first-keystroke="shift ctrl y" />
  </action>
  <action id="SearchEverywhere.NavigateToPrevGroup">
    <keyboard-shortcut first-keystroke="page_up" />
  </action>
  <action id="SelectAllOccurrences">
    <keyboard-shortcut first-keystroke="shift alt g" />
  </action>
  <action id="SelectNextOccurrence">
    <keyboard-shortcut first-keystroke="ctrl g" />
  </action>
  <action id="SendEOF" />
  <action id="ShowBookmarks">
    <keyboard-shortcut first-keystroke="shift f3" />
  </action>
  <action id="ShowContent" />
  <action id="ShowErrorDescription">
    <keyboard-shortcut first-keystroke="ctrl j" />
  </action>
  <action id="ShowNavBar">
    <keyboard-shortcut first-keystroke="ctrl alt b" />
  </action>
  <action id="ShowSearchHistory" />
  <action id="ShowSettings">
    <keyboard-shortcut first-keystroke="ctrl alt comma" />
  </action>
  <action id="SwitcherIterateItems" />
  <action id="SwitcherRecentEditedChangedToggleCheckBox" />
  <action id="Terminal.CopySelectedText">
    <keyboard-shortcut first-keystroke="ctrl insert" />
  </action>
  <action id="Terminal.Paste">
    <keyboard-shortcut first-keystroke="shift insert" />
  </action>
  <action id="ToggleBookmark">
    <keyboard-shortcut first-keystroke="f3" />
  </action>
  <action id="UnselectPreviousOccurrence">
    <keyboard-shortcut first-keystroke="shift ctrl g" />
  </action>
  <action id="UpdateRunningApplication" />
  <action id="UsageFiltering.WriteAccess" />
  <action id="UsageView.ShowRecentFindUsages" />
  <action id="Vcs.Log.ShowTooltip" />
  <action id="Vcs.Push" />
  <action id="Vcs.UpdateProject" />
  <action id="WelcomeScreen.CopyProjectPath" />
  <action id="android.deploy.ApplyChanges">
    <keyboard-shortcut first-keystroke="ctrl f10" />
  </action>
  <action id="android.deploy.CodeSwap">
    <keyboard-shortcut first-keystroke="ctrl alt f10" />
  </action>
  <action id="android.device.back.button" />
  <action id="android.device.overview.button" />
  <action id="android.device.power.and.volume.up.button" />
  <action id="android.device.power.button" />
  <action id="android.device.screenshot" />
  <action id="context.load" />
  <action id="hg4idea.QGotoFromPatches" />
  <action id="hg4idea.QPushAction" />
  <action id="org.intellij.plugins.markdown.ui.actions.styling.ToggleCodeSpanAction" />
  <action id="org.intellij.plugins.markdown.ui.actions.styling.ToggleStrikethroughAction" />
  <action id="tasks.open.in.browser" />
</keymap>