<keymap version="1" name="macOS copy" parent="Mac OS X 10.5+">
  <action id="EditorBackwardParagraph">
    <keyboard-shortcut first-keystroke="alt page_up" />
  </action>
  <action id="EditorForwardParagraph">
    <keyboard-shortcut first-keystroke="alt page_down" />
  </action>
  <action id="EditorScrollDown">
    <keyboard-shortcut first-keystroke="ctrl meta down" />
  </action>
  <action id="EditorScrollUp">
    <keyboard-shortcut first-keystroke="ctrl meta up" />
  </action>
  <action id="GotoRelated" />
  <action id="ToggleDistractionFreeMode">
    <keyboard-shortcut first-keystroke="alt d" />
  </action>
  <action id="android.deploy.ApplyChanges">
    <keyboard-shortcut first-keystroke="ctrl meta e" />
  </action>
  <action id="android.deploy.CodeSwap">
    <keyboard-shortcut first-keystroke="shift ctrl meta e" />
  </action>
</keymap>